<?xml version="1.0" encoding="UTF-8"?>
<project-private xmlns="http://www.netbeans.org/ns/project-private/1">
    <editor-bookmarks xmlns="http://www.netbeans.org/ns/editor-bookmarks/2" lastBookmarkId="0"/>
    <open-files xmlns="http://www.netbeans.org/ns/projectui-open-files/1">
        <file>file:/D:/ServicesBay_share_vinod/MSB%2008102015%205AM/MSB/web/invoice/invoiceSearch.jsp</file>
        <file>file:/D:/ServicesBay_share_vinod/MSB%2008102015%205AM/MSB/web/invoice/invoiceEdit.jsp</file>
        <file>file:/D:/ServicesBay_share_vinod/MSB%2008102015%205AM/MSB/web/acc/projectTeam.jsp</file>
        <file>file:/D:/ServicesBay_share_vinod/MSB%2008102015%205AM/MSB/web/users/general/userRoles.jsp</file>
    </open-files>
</project-private>
