<?xml version="1.0" encoding="UTF-8"?>
<!DOCTYPE struts PUBLIC
"-//Apache Software Foundation//DTD Struts Configuration 2.3//EN"
"http://struts.apache.org/dtds/struts-2.3.dtd">

<struts>
    
    <package name="invoice" namespace="/invoice" extends="default">
        <action name="getInvoice" class="com.mss.msp.invoice.InvoiceAction" method="getInvoice">
            <interceptor-ref name="crudStack" />
            <result name="success">invoiceSearch.jsp</result>
            <result type="redirect" name="login">../../general/login.action</result>
            <result name="error">../exception/403.jsp</result>
            <result name="accessFailed">../exception/AccessFailed.jsp</result>
        </action>  
       
        <action name="deleteInvoice" class="com.mss.msp.invoice.InvoiceAction" method="deleteInvoice">
            <interceptor-ref name="crudStack" />
            <result name="success" type="redirect" >getInvoice.action</result>
            <result type="redirect" name="login">../../general/login.action</result>
            <result name="error">../exception/403.jsp</result>
            <result name="accessFailed">../exception/AccessFailed.jsp</result>
        </action>  
        <action name="doSearchInvoice" class="com.mss.msp.invoice.InvoiceAction" method="doSearchInvoice">
            <interceptor-ref name="crudStack" />
            <result name="success" >invoiceSearch.jsp</result>
            <result type="redirect" name="login">../../general/login.action</result>
            <result name="error">../exception/403.jsp</result>
            <result name="accessFailed">../exception/AccessFailed.jsp</result>
        </action>  
       
        <action name="goInvoiceEditDetails" class="com.mss.msp.invoice.InvoiceAction" method="goInvoiceEditDetails">
            <interceptor-ref name="crudStack" />
            <result name="success" >invoiceEdit.jsp</result>
            <result type="redirect" name="login">../../general/login.action</result>
            <result name="error">../exception/403.jsp</result>
            <result name="accessFailed">../exception/AccessFailed.jsp</result>
        </action>  
        <action name="doEditInvoiceDetatils" class="com.mss.msp.invoice.InvoiceAction" method="doEditInvoiceDetatils">
            <interceptor-ref name="crudStack" />
            <result name="success" type="redirect" >getInvoice.action</result>
            <result type="redirect" name="login">../../general/login.action</result>
            <result name="error">../exception/403.jsp</result>
            <result name="accessFailed">../exception/AccessFailed.jsp</result>
        </action> 
    </package>
    <package name="sow" namespace="/invoice/sow" extends="default">
        <action name="getSowList" class="com.mss.msp.invoice.sow.SOWAction" method="getSowList">
            <interceptor-ref name="crudStack" />
            <result name="success">sowSearch.jsp</result>
            <result type="redirect" name="login">../../general/login.action</result>
            <result name="error">../exception/403.jsp</result>
            <result name="accessFailed">../exception/AccessFailed.jsp</result>
        </action>  
        <action name="SOWSearchAction" class="com.mss.msp.invoice.sow.SOWAction" method="getSOWSearchResults">
            <interceptor-ref name="crudStack" />
            <result name="success">sowSearch.jsp</result>
            <result type="redirect" name="login">../../general/login.action</result>
            <result name="error">../exception/403.jsp</result>
            <result name="accessFailed">../exception/AccessFailed.jsp</result>
        </action> 
        <action name="SOWEditAction" class="com.mss.msp.invoice.sow.SOWAction" method="getSOWEditDetails">
            <interceptor-ref name="crudStack" />
            <result name="success">sowEdit.jsp</result>
            <result type="redirect" name="login">../../general/login.action</result>
            <result name="error">../exception/403.jsp</result>
            <result name="accessFailed">../exception/AccessFailed.jsp</result>
        </action> 
        <action name="SOWInsertAction" class="com.mss.msp.invoice.sow.SOWAction" method="doAddUpdateSOWDetails">
            <interceptor-ref name="crudStack" />
            
            <result type="redirectAction" name="success">
                <param name="actionName">getSowList</param>
                <param name="resultMessage">${resultMessage}</param>
            </result>
            <result type="redirect" name="login">../../general/login.action</result>
            <result name="error">../exception/403.jsp</result>
            <result name="accessFailed">../exception/AccessFailed.jsp</result>
        </action>
        <action name="addSOWAttachments" class="com.mss.msp.invoice.sow.SOWAction" method="addSOWAttachments">
            <interceptor-ref name="crudStack" />
            <result type="redirectAction" name="success">
                <param name="actionName">SOWEditAction</param>
                <param name="consultantId">${consultantId}</param>
                <param name="requirementId">${requirementId}</param>
                <param name="customerId">${customerId}</param>
                <param name="vendorId">${vendorId}</param>
                <param name="rateSalary">${rateSalary}</param>
                <param name="consultantName">${consultantName}</param>
                <param name="customerName">${customerName}</param>
                <param name="vendorName">${vendorName}</param>
                <param name="requirementName">${requirementName}</param>
                <param name="status">${status}</param>
                <param name="tabFlag">${tabFlag}</param>
                <param name="uploadRes">${uploadRes}</param>
            </result>
            <result type="redirect" name="login">../../general/login.action</result>
            <result name="error">../exception/403.jsp</result>
            <result name="accessFailed">../exception/AccessFailed.jsp</result>
            <result name="input"></result>
        </action>
        <action name="sowDownloadAttachment" class="com.mss.msp.invoice.sow.SOWAttachmentDownloadAction" method="downloadSOWAttachment"> 
            <result type="redirectAction" name="input">
                <param name="actionName">SOWEditAction</param>
                <param name="consultantId">${consultantId}</param>
                <param name="requirementId">${requirementId}</param>
                <param name="customerId">${customerId}</param>
                <param name="vendorId">${vendorId}</param>
                <param name="rateSalary">${rateSalary}</param>
                <param name="consultantName">${consultantName}</param>
                <param name="customerName">${customerName}</param>
                <param name="vendorName">${vendorName}</param>
                <param name="requirementName">${requirementName}</param>
                <param name="status">${status}</param>
                <param name="fileExists">${fileExists}</param>
                <param name="tabFlag">${tabFlag}</param>
            </result>
        </action>
    </package>
    
    
</struts>
