<?xml version="1.0" encoding="UTF-8"?>

<!DOCTYPE hibernate-mapping PUBLIC
  "-//Hibernate/Hibernate Mapping DTD 3.0//EN"
  "http://hibernate.sourceforge.net/hibernate-mapping-3.0.dtd">

<hibernate-mapping>

    <class name="com.mss.msp.usr.miscellaneous.UsrMiscellaneousVTO" table="usr_miscellaneous">
        <id name="userid" column="usr_id" type="int">
            
        </id>
        
        <property name="IsTeamLead" column="is_team_lead"/>
        <property name="IsManager" column="is_manager"/>
        <property name="IsPMO" column="is_PMO"/>
        <property name="IsSbteam" column="is_sbteam"/>
        <property name="DeptId" column="dept_id"/>
        <property name="TitleId" column="title_id"/>
        <property name="OptContact" column="opt_contact"/>
        <property name="ReportsTo" column="reports_to"/>
    </class>


   
</hibernate-mapping>

 


