<!DOCTYPE hibernate-mapping PUBLIC
  "-//Hibernate/Hibernate Mapping DTD 3.0//EN"
  "http://hibernate.sourceforge.net/hibernate-mapping-3.0.dtd">

<hibernate-mapping>
  <class name="com.mss.msp.location.Country" table="lk_country">
    <id name="id" column="id" type="integer"/>
    <property name="name" column="country"/>
    <property name="currency" column="country_currency" />
    <set name="states" lazy="true" cascade="none" >
      <key column="countryId" />
      <one-to-many class="com.mss.msp.location.State"></one-to-many>
    </set>
  </class>
</hibernate-mapping>